<?xml version="1.0" encoding="utf-8"?>
<ApplicationInstallerManifest>
   <DefaultInstallationDirectory>/Applications/GraphGeneration/</DefaultInstallationDirectory>
   <ApplicationName>GraphGeneration</ApplicationName>
   <ExecutableName>application/GraphGeneration.exe</ExecutableName>
   <GUID>642bd7a7-5e10-4cf0-b56b-189e6cae152a</GUID>
   <ApplicationIcon>default_icon_48.png</ApplicationIcon>
   <Logo>default_logo.png</Logo>
   <Version>1.0</Version>
   <WelcomePanelText>GraphGeneration 1.0
Junlin Wu
junlin.wu927@gmail.com</WelcomePanelText>
   <MCRProducts>
      <MCRProduct>
         <ExternalProductIdentifier>35000</ExternalProductIdentifier>
      </MCRProduct>
      <MCRProduct>
         <ExternalProductIdentifier>35001</ExternalProductIdentifier>
      </MCRProduct>
   </MCRProducts>
</ApplicationInstallerManifest>